{"age":{"Arsenal":26.6785714286,"Bournemouth":26.875,"Brighton+and+Hove":28.3181818182,"Burnley":27.9444444444,"Chelsea":27.05,"Crystal+Palace":28.0476190476,"Everton":26.2142857143,"Huddersfield":26.0,"Leicester+City":27.25,"Liverpool":24.7777777778,"Manchester+City":27.0,"Manchester+United":25.56,"Newcastle+United":26.4285714286,"Southampton":24.9565217391,"Stoke+City":28.0454545455,"Swansea":27.0,"Tottenham":25.65,"Watford":28.0416666667,"West+Brom":28.2105263158,"West+Ham":27.3636363636},"position_cat":{"Arsenal":2.2857142857,"Bournemouth":2.125,"Brighton+and+Hove":2.1818181818,"Burnley":2.1666666667,"Chelsea":2.25,"Crystal+Palace":2.2380952381,"Everton":2.25,"Huddersfield":2.1071428571,"Leicester+City":2.2083333333,"Liverpool":2.037037037,"Manchester+City":2.05,"Manchester+United":2.4,"Newcastle+United":2.2380952381,"Southampton":2.1304347826,"Stoke+City":2.1363636364,"Swansea":2.04,"Tottenham":2.2,"Watford":2.25,"West+Brom":2.1052631579,"West+Ham":2.1818181818},"market_value":{"Arsenal":19.6428571429,"Bournemouth":4.8958333333,"Brighton+and+Hove":2.5227272727,"Burnley":3.9583333333,"Chelsea":27.6775,"Crystal+Palace":7.7261904762,"Everton":10.0982142857,"Huddersfield":1.7910714286,"Leicester+City":8.6458333333,"Liverpool":16.3148148148,"Manchester+City":28.2,"Manchester+United":20.564,"Newcastle+United":5.2023809524,"Southampton":10.0,"Stoke+City":6.8181818182,"Swansea":5.56,"Tottenham":23.0,"Watford":5.1666666667,"West+Brom":5.3289473684,"West+Ham":8.8181818182},"page_views":{"Arsenal":1402.7857142857,"Bournemouth":508.4583333333,"Brighton+and+Hove":198.2727272727,"Burnley":287.8333333333,"Chelsea":1773.8,"Crystal+Palace":455.4285714286,"Everton":908.7857142857,"Huddersfield":139.7857142857,"Leicester+City":712.75,"Liverpool":1195.2962962963,"Manchester+City":1474.35,"Manchester+United":1815.36,"Newcastle+United":411.380952381,"Southampton":473.9565217391,"Stoke+City":562.9545454545,"Swansea":392.68,"Tottenham":1213.95,"Watford":366.7083333333,"West+Brom":345.3157894737,"West+Ham":502.0},"fpl_value":{"Arsenal":6.3035714286,"Bournemouth":5.1666666667,"Brighton+and+Hove":4.7045454545,"Burnley":4.9722222222,"Chelsea":6.525,"Crystal+Palace":5.119047619,"Everton":5.4821428571,"Huddersfield":4.7678571429,"Leicester+City":5.3541666667,"Liverpool":5.9814814815,"Manchester+City":6.85,"Manchester+United":5.96,"Newcastle+United":4.7619047619,"Southampton":5.2391304348,"Stoke+City":5.0681818182,"Swansea":5.0,"Tottenham":6.45,"Watford":4.9375,"West+Brom":5.1052631579,"West+Ham":5.25},"fpl_points":{"Arsenal":68.9285714286,"Bournemouth":68.75,"Brighton+and+Hove":0.0,"Burnley":64.3888888889,"Chelsea":101.9,"Crystal+Palace":63.619047619,"Everton":62.3214285714,"Huddersfield":0.0,"Leicester+City":59.875,"Liverpool":70.0740740741,"Manchester+City":81.95,"Manchester+United":70.6,"Newcastle+United":0.0,"Southampton":60.0,"Stoke+City":59.4090909091,"Swansea":50.16,"Tottenham":95.5,"Watford":47.0416666667,"West+Brom":71.2631578947,"West+Ham":68.0454545455},"region":{"Arsenal":2.0,"Bournemouth":1.7916666667,"Brighton+and+Hove":2.0454545455,"Burnley":1.5,"Chelsea":2.25,"Crystal+Palace":2.1428571429,"Everton":1.6785714286,"Huddersfield":1.7777777778,"Leicester+City":2.375,"Liverpool":1.8888888889,"Manchester+City":2.35,"Manchester+United":1.96,"Newcastle+United":1.9523809524,"Southampton":1.7391304348,"Stoke+City":1.9545454545,"Swansea":2.04,"Tottenham":1.95,"Watford":2.2083333333,"West+Brom":2.0,"West+Ham":2.3636363636},"new_foreign":{"Arsenal":0.0714285714,"Bournemouth":0.0,"Brighton+and+Hove":0.0,"Burnley":0.0,"Chelsea":0.1,"Crystal+Palace":0.0,"Everton":0.0714285714,"Huddersfield":0.0,"Leicester+City":0.0416666667,"Liverpool":0.037037037,"Manchester+City":0.1,"Manchester+United":0.04,"Newcastle+United":0.0,"Southampton":0.0434782609,"Stoke+City":0.0,"Swansea":0.04,"Tottenham":0.0,"Watford":0.0833333333,"West+Brom":0.0526315789,"West+Ham":0.0},"age_cat":{"Arsenal":3.2142857143,"Bournemouth":3.1666666667,"Brighton+and+Hove":3.7272727273,"Burnley":3.5555555556,"Chelsea":3.35,"Crystal+Palace":3.4285714286,"Everton":3.0357142857,"Huddersfield":3.0,"Leicester+City":3.25,"Liverpool":2.6296296296,"Manchester+City":3.25,"Manchester+United":2.76,"Newcastle+United":3.0952380952,"Southampton":2.6956521739,"Stoke+City":3.6363636364,"Swansea":3.4,"Tottenham":2.8,"Watford":3.5416666667,"West+Brom":3.6842105263,"West+Ham":3.2727272727},"club_id":{"Arsenal":1.0,"Bournemouth":2.0,"Brighton+and+Hove":3.0,"Burnley":4.0,"Chelsea":5.0,"Crystal+Palace":6.0,"Everton":7.0,"Huddersfield":8.0,"Leicester+City":9.0,"Liverpool":10.0,"Manchester+City":11.0,"Manchester+United":12.0,"Newcastle+United":13.0,"Southampton":14.0,"Stoke+City":15.0,"Swansea":16.0,"Tottenham":17.0,"Watford":18.0,"West+Brom":19.0,"West+Ham":20.0},"big_club":{"Arsenal":1.0,"Bournemouth":0.0,"Brighton+and+Hove":0.0,"Burnley":0.0,"Chelsea":1.0,"Crystal+Palace":0.0,"Everton":0.0,"Huddersfield":0.0,"Leicester+City":0.0,"Liverpool":1.0,"Manchester+City":1.0,"Manchester+United":1.0,"Newcastle+United":0.0,"Southampton":0.0,"Stoke+City":0.0,"Swansea":0.0,"Tottenham":1.0,"Watford":0.0,"West+Brom":0.0,"West+Ham":0.0},"new_signing":{"Arsenal":0.1071428571,"Bournemouth":0.0,"Brighton+and+Hove":0.0,"Burnley":0.1666666667,"Chelsea":0.2,"Crystal+Palace":0.1428571429,"Everton":0.2142857143,"Huddersfield":0.0,"Leicester+City":0.1666666667,"Liverpool":0.1481481481,"Manchester+City":0.25,"Manchester+United":0.12,"Newcastle+United":0.0,"Southampton":0.1739130435,"Stoke+City":0.1363636364,"Swansea":0.16,"Tottenham":0.2,"Watford":0.2916666667,"West+Brom":0.2105263158,"West+Ham":0.2727272727}}